{
    "url":"/01/00-start.html",
    "title":"hydra帮助手册",
    "navs":[{
        "title":"起步",
        "icon":"navicon",
        "url":"/03-settings.html"
    },{
        "title":"进阶",
        "icon":"stats-bars",
        "url":"/03-settings.html"
    },{
        "title":"高级",
        "icon":"settings",
        "url":"/03-settings.html"
    }

],
    "menus":[
        {
            "title":"起步",
            "items":[
                {
                    "title":"概述",
                    "icon":"log-in",
                    "url":"/01/00-start.html"
                },
                {
                    "title":"hello world",
                    "icon":"ios-checkmark-outline",
                    "url":"/01/01-helloworld.html"
                },
                {
                    "title":"六大服务器",
                    "icon":"network",
                    "url":"/01/02-servers.html"
                },
                {
                    "title":"参数配置",
                    "icon":"ios-gear-outline",
                    "url":"/01/03-settings.html"
                }
            ]
        },
        {
            "title":"构建",
            "items":[
                {
                    "title":"API服务",
                    "icon":"levels",
                    "url":"/02/01-apiserver.html"
                },
                {
                    "title":"WEB服务",
                    "icon":"ios-paper",
                    "url":"/02/02-webserver.html"
                },
                {
                    "title":"WS服务",
                    "icon":"android-apps",
                    "url":"/02/03-wsserver.html"
                },
                {
                    "title":"RPC服务"
                },
                {
                    "title":"CRON服务"
                },
                {
                    "title":"MQC服务"
                }
            ]
        }
    ]
}